Name,Line,Frame,Nose_x,Nose_y,Neck_x,Neck_y,RShoulder_x,RShoulder_y,RElbow_x,RElbow_y,RWrist_x,RWrist_y,LShoulder_x,LShoulder_y,LElbow_x,LElbow_y,LWrist_x,LWrist_y,RKnee_x,RKnee_y,RAnkle_x,RAnkle_y,LHip_x,LHip_y,LKnee_x,LKnee_y,LAnkle_x,LAnkle_y,REye_x,REye_y,LEye_x,LEye_y,REar_x,REar_y,LEar_x,LEar_y,Bkg_x,Bkg_y,R_Alpha,R_Beta,L_Alpha,L_Beta,ManualLabel
Hossein1,1,616,1024.81,450.831,998.224,509.767,951.1,503.849,883.481,574.347,874.64,642.049,1048.3,524.404,0,0,0,0,927.647,650.965,0,0,0,0,0,0,0,0,0,0,1018.87,433.094,1042.43,436.013,995.259,433.174,1065.96,450.852,38.645104136949264,-56.35666515500297,68.70149062637383,14.89530776771424,
Hossein1,1,617,1024.77,450.799,998.252,509.652,939.39,503.849,880.404,577.332,862.9,647.993,1054.17,521.386,0,0,0,0,921.751,650.958,0,0,0,0,0,0,0,0,0,0,1018.83,433.064,1042.44,433.147,992.368,433.113,1068.81,444.883,45.00438059732923,-50.61425665540889,69.72422496403905,13.42729006328004,
Hossein1,1,619,0,0,924.69,527.314,901.176,527.287,862.919,600.897,854.057,671.532,0,0,0,0,0,0,0,0,0,0,0,0,0,0,0,0,0,0,0,0,0,0,0,0,0,0,2.553243498463125,-87.48719317430276,-85.27209835034536,85.27209835034536,
Hossein1,1,620,974.705,489.062,933.562,527.205,901.179,521.505,860.08,600.841,848.111,674.507,968.862,530.319,0,0,0,0,0,0,0,0,0,0,0,0,0,0,0,0,974.757,480.325,977.737,480.286,957.069,480.255,0,0,40.330901719784684,-57.565053067103456,58.61408052807049,22.921173338214636,
Hossein1,1,621,927.583,456.676,927.547,509.725,886.378,515.612,859.855,603.878,842.222,689.204,962.915,506.752,0,0,0,0,0,0,0,0,0,0,0,0,0,0,0,0,910.029,436.179,933.563,436.235,901.036,436.227,0,0,37.81346897462038,39.67213412596314,54.74093982980516,24.529916694104838,
Hossein1,1,622,939.414,471.44,933.549,524.349,886.407,524.435,859.875,603.914,851.11,689.195,980.573,524.322,0,0,0,0,907.07,671.534,0,0,0,0,974.759,671.583,0,0,0,0,930.531,456.646,954.077,459.579,906.956,456.682,971.77,474.339,41.70108695074669,48.113196941098344,56.62595498215804,23.829639135576443,
Hossein1,1,623,951.173,459.723,945.26,524.432,883.496,524.386,859.856,606.841,857.09,683.3,1004.19,524.383,0,0,0,0,907.113,703.933,0,0,0,0,995.328,703.952,0,0,0,0,933.476,439.135,968.809,447.856,903.948,444.919,989.442,456.74,43.66607431414689,-46.44541479461666,62.535687040430126,18.471608582715046,
Hossein1,1,624,939.427,456.649,942.303,518.492,883.388,518.464,860.046,600.965,868.73,671.581,1001.24,515.612,1057.14,583.292,0,0,910.062,695.106,0,0,0,0,995.3,695.086,0,0,0,0,927.57,436.059,954.061,436.173,898.14,439.073,977.573,450.821,43.611030509624605,-46.457698864759685,61.94636790543051,81.66427867765637,
Hossein1,1,625,936.439,465.511,951.118,524.441,883.503,521.415,860.031,597.999,877.602,659.831,1015.94,527.222,1071.82,592.097,0,0,924.663,703.964,0,0,0,0,1010.03,712.744,0,0,0,0,927.549,447.921,954.086,453.682,901.07,453.739,980.653,456.675,48.92615069985299,-48.419877402427566,65.91711239767962,88.76714446258794,
Hossein1,1,626,927.522,462.553,933.582,527.236,880.411,518.5,859.995,583.291,883.41,647.907,1001.22,527.35,0,0,0,0,0,0,0,0,0,0,0,0,0,0,0,0,907.065,444.896,939.372,444.935,883.502,450.857,0,0,39.42103672875719,-73.7450301670902,61.25627289025433,21.87779139466085,
Hossein1,1,631,930.614,480.192,924.693,606.852,806.919,603.859,0,0,0,0,1060.07,606.808,0,0,0,0,0,0,0,0,0,0,0,0,0,0,0,0,906.942,444.947,959.982,453.76,862.934,456.668,998.214,474.316,42.91802207934259,-47.29449675049819,90.0,nan,
Hossein1,1,633,939.416,471.456,921.764,589.116,806.903,595.003,0,0,0,0,1033.6,577.401,0,0,0,0,0,0,0,0,0,0,0,0,0,0,0,0,910.017,436.082,962.907,436.156,862.904,444.895,0,0,44.31032835148666,45.27166072340073,90.0,nan,
Hossein1,1,634,933.507,480.231,927.609,574.477,833.475,586.2,0,0,0,0,1004.22,562.661,0,0,0,0,0,0,0,0,0,0,0,0,0,0,0,0,909.976,450.851,954.039,456.729,874.571,453.759,0,0,44.96593520251963,44.22824082465378,90.0,nan,
Hossein1,1,636,930.484,489.095,924.716,524.308,880.52,518.53,0,0,0,0,963.002,527.366,995.333,583.289,1001.2,609.754,0,0,0,0,0,0,951.245,642.111,0,0,0,0,927.511,483.14,936.51,483.259,904.138,477.313,0,0,51.454044614777864,-38.92192670032906,90.0,nan,
Hossein1,1,637,933.539,506.756,927.626,515.591,886.372,512.599,871.732,553.908,883.617,583.24,962.909,524.354,980.619,568.582,1004.1,618.571,904.088,594.984,907.027,653.936,0,0,948.222,597.92,962.939,647.975,0,0,930.485,503.658,942.385,503.652,921.665,494.993,951.24,500.797,77.91207219371614,-23.638496326632946,69.69936529521992,86.43805676444059,
Hossein1,1,638,933.595,506.767,927.565,518.558,883.506,512.664,874.578,562.659,883.589,595.059,962.899,527.203,983.55,574.436,1007.09,624.463,904.073,597.971,909.998,662.754,0,0,948.237,600.86,957.072,656.849,0,0,930.527,500.842,942.364,500.9,924.571,494.982,951.286,503.682,75.01768375155332,-48.41392172912197,67.77883052672286,84.70570519591155,
Hossein1,1,639,942.307,506.793,927.554,524.313,883.466,515.531,868.755,568.511,877.637,595.068,962.941,527.342,986.54,577.517,1013.03,636.204,901.137,627.479,904.045,709.823,0,0,951.106,636.271,954.132,712.749,0,0,933.557,497.929,951.051,500.83,924.659,489.136,954.087,500.855,68.32776819127959,-52.50809234766112,72.70749283415674,-88.08170989151057,
Hossein1,1,640,936.458,489.101,927.569,527.208,883.356,521.395,862.905,577.385,880.474,597.921,965.932,527.423,995.338,592.035,1021.84,648.016,898.223,653.92,0,0,0,0,951.262,656.84,0,0,0,0,930.651,477.316,951.059,480.313,912.907,468.485,0,0,49.242086300335025,-56.625204111040226,76.48773469756651,-80.87035921194851,
Hossein1,1,641,933.535,480.16,924.731,530.215,880.485,527.404,862.908,597.954,0,0,968.765,530.317,1001.21,598.083,1027.69,665.609,904.162,686.271,0,0,0,0,971.784,674.5,0,0,0,0,924.701,459.639,951.044,465.499,903.947,459.554,0,0,41.474998695562036,-57.61108277201078,121.68426551079813,61.81674873585051,
Hossein1,1,642,930.605,474.4,927.483,527.401,883.357,527.297,912.899,559.729,0,0,965.907,527.42,1004.19,601.034,1036.56,674.531,915.844,695.132,0,0,0,0,977.62,686.283,0,0,0,0,921.77,459.655,945.244,462.558,901.122,456.757,0,0,39.77908447034893,50.01921163508382,120.09166547229604,64.05989169897967,
Hossein1,1,643,930.599,477.284,927.527,527.321,883.493,527.214,909.98,559.703,0,0,968.775,527.41,1010.03,612.738,1045.21,692.081,927.662,689.201,0,0,0,0,977.672,683.352,0,0,0,0,921.728,459.678,942.333,465.542,904.13,456.802,0,0,41.34870647731956,48.419836013000584,120.01687460979316,64.45580136435284,
Hossein1,1,644,948.152,506.814,930.486,530.272,883.528,527.246,883.616,553.799,933.474,559.776,974.718,533.226,1021.67,621.458,1045.39,695.121,915.832,680.369,0,0,0,0,977.64,680.416,0,0,0,0,930.632,503.725,948.207,500.89,924.669,503.823,954.086,509.662,63.455451000890186,61.789684995085736,81.75421159978409,-37.7326939203973,
Hossein1,1,645,948.256,503.899,927.723,530.346,883.46,530.219,0,0,0,0,974.704,530.328,1021.77,621.542,1045.42,706.891,912.9,677.464,0,0,0,0,977.599,683.351,0,0,0,0,933.573,494.966,951.235,489.111,921.682,497.92,0,0,59.14181869651261,-30.86641774197701,90.0,nan,
Hossein1,1,646,945.307,503.678,930.502,536.136,883.374,533.238,0,0,0,0,977.667,533.202,1024.69,621.517,1042.42,709.8,912.894,689.197,0,0,0,0,977.709,686.277,0,0,0,0,930.542,486.105,954.032,480.32,903.999,483.178,0,0,55.44403504554837,-34.74392902557056,90.0,nan,
Hossein1,1,647,927.637,480.22,930.687,539.07,883.483,539.107,0,0,0,0,980.612,530.37,1024.68,621.456,1027.65,701.02,909.965,698.051,0,0,0,0,980.571,695.117,0,0,0,0,912.886,459.638,948.139,459.565,0,0,962.958,480.196,38.73334554256073,51.264254927577646,90.0,nan,
Hossein1,1,648,0,0,948.249,527.415,904.067,530.307,0,0,0,0,980.663,527.273,1021.93,612.732,1021.71,695.225,0,0,0,0,0,0,974.734,677.453,0,0,0,0,0,0,0,0,0,0,951.262,486.133,4.788535456723143,85.02818296219425,90.0,nan,
Hossein1,1,649,889.356,456.583,927.545,524.409,877.516,527.328,0,0,0,0,980.668,518.555,1021.73,606.844,1001.36,689.231,0,0,0,0,0,0,962.912,674.506,0,0,0,0,880.555,439.012,906.952,436.209,860.049,453.775,0,0,36.412782226442765,53.39662778598677,90.0,nan,
Hossein1,1,650,933.503,486.151,930.528,521.471,880.569,524.33,0,0,0,0,995.226,524.407,1018.77,603.957,998.244,674.587,0,0,0,0,0,0,0,0,0,0,0,0,892.352,465.529,951.172,462.582,880.525,480.2,974.617,468.486,54.74046385891365,35.07351090281828,90.0,nan,
Hossein1,1,665,806.954,389.035,827.548,459.555,786.31,459.581,0,0,0,0,859.891,456.776,0,0,0,0,804.01,642.139,0,0,0,0,865.83,642.129,0,0,0,0,798.114,377.193,821.628,380.122,786.3,380.182,848.162,388.953,30.31782695372036,59.68027851324968,90.0,nan,
Hossein1,1,667,0,0,857.041,380.217,0,0,0,0,0,0,862.84,383.066,839.385,427.288,0,0,851.133,459.673,859.945,530.315,859.97,583.272,854.083,462.591,860.019,530.27,862.836,583.25,0,0,0,0,0,0,0,0,66.07604848475839,66.07604848475839,90.0,nan,
Hossein1,1,669,927.712,509.728,918.82,527.203,883.411,527.449,877.574,586.241,868.794,633.32,954.127,518.542,0,0,0,0,907.071,627.41,0,0,0,0,954.026,624.48,0,0,0,0,915.891,503.898,930.694,503.835,901.114,503.724,945.254,503.698,63.73280398571465,23.853897123807933,61.114074985172685,22.026413356377113,
Hossein1,1,670,930.699,512.593,918.77,518.549,880.644,527.295,874.632,583.272,874.645,645.062,954.168,512.583,974.71,565.615,0,0,895.283,606.797,0,0,0,0,939.379,600.988,0,0,0,0,927.585,506.655,936.438,503.848,907.055,503.755,0,0,81.12108290318128,46.616452518497724,52.15251064850067,60.96651887340031,
Hossein1,1,671,930.544,506.793,918.749,515.554,883.355,521.481,871.681,583.225,865.865,648.145,954.082,509.733,965.883,565.635,0,0,883.564,606.821,862.904,677.456,0,0,930.575,601,0,0,0,0,924.686,497.951,933.48,503.734,912.875,489.114,0,0,76.09714675935791,13.014481808364268,53.65018076059537,58.52343047333362,
Hossein1,1,672,951.034,486.158,924.737,518.49,880.637,524.413,862.864,598.042,857.09,671.591,965.866,512.587,0,0,0,0,903.985,595.064,0,0,0,0,948.25,595.028,0,0,0,0,939.379,483.136,951.223,486.143,924.701,492.044,0,0,53.752921816200775,17.815997952715755,55.93536937146252,24.7162608786749,
Hossein1,1,673,951.151,471.442,921.751,521.485,880.603,527.238,859.893,609.758,839.406,692.055,962.914,515.553,0,0,0,0,0,0,0,0,0,0,0,0,0,0,0,0,936.445,456.717,957.145,459.671,901.116,456.766,0,0,39.428849620067666,35.04646862991727,56.3233163861833,23.289681404312162,
Hossein1,1,674,948.172,480.29,921.744,527.389,880.464,530.19,854.01,624.564,833.453,712.692,965.842,527.349,0,0,0,0,0,0,0,0,0,0,0,0,0,0,0,0,930.598,459.686,962.899,468.501,901.187,459.606,0,0,41.23300093017033,42.722932105848976,56.34930050351259,22.787819126885207,
Hossein1,1,675,942.347,468.472,927.507,509.725,880.478,527.32,842.278,630.313,821.669,721.637,971.744,500.822,0,0,0,0,0,0,0,0,0,0,0,0,0,0,0,0,930.619,453.771,954.103,459.598,901.185,456.715,0,0,48.743338595384564,16.525765039543014,58.6785504695014,18.519196754683847,
Hossein1,1,676,942.364,480.225,933.502,512.606,877.496,518.516,839.296,627.394,824.576,733.402,998.298,503.875,0,0,0,0,0,0,0,0,0,0,0,0,0,0,0,0,930.509,456.786,960.029,465.553,901.064,456.615,986.522,474.324,59.964778747872494,21.240600669057283,58.607776670655696,18.44390363169677,
Hossein1,1,677,962.971,524.307,927.665,506.81,874.665,506.834,836.444,627.36,833.392,733.39,980.592,506.74,0,0,0,0,895.305,665.695,0,0,0,0,0,0,0,0,0,0,951.231,503.853,974.788,506.741,927.637,483.222,0,0,-71.73028611547667,-18.305691449934596,54.2343225202969,22.75111672570806,
Hossein1,1,678,939.414,450.778,927.652,500.898,865.832,503.841,836.374,618.559,842.223,718.669,986.472,497.922,1060.06,562.637,0,0,904.106,695.101,0,0,0,0,986.496,686.263,0,0,0,0,927.648,433.206,951.23,433.178,901.18,436.086,0,0,50.966905320670136,33.32789366889817,55.23903190803145,73.67530444645196,
Hossein1,1,679,951.16,453.73,930.641,506.682,865.884,500.756,836.396,606.873,856.98,712.813,1001.17,512.688,0,0,0,0,895.227,709.809,0,0,0,0,992.349,706.889,0,0,0,0,933.56,433.167,971.73,436.18,910.04,433.202,980.634,456.7,50.72702676728038,-50.63595526378604,53.694344232540644,25.001721439746134,
Hossein1,1,680,933.57,456.61,927.72,500.769,862.97,489.1,836.317,597.861,859.856,692.162,995.299,503.802,1068.87,556.782,0,0,892.284,671.566,0,0,0,0,977.68,668.604,0,0,0,0,927.539,436.173,954.029,439.11,901.088,439.038,974.729,456.593,55.706314141011575,-57.93806038870139,55.152773464972164,76.48775235638031,
Hossein1,1,681,0,0,924.596,489.095,859.992,483.193,836.338,586.167,860.011,683.326,980.617,492.012,0,0,0,0,892.301,659.787,0,0,0,0,0,0,0,0,0,0,0,0,0,0,0,0,0,0,7.524574265787845,83.51455103377538,51.14542523300279,27.815092522179885,
Hossein1,1,682,945.281,421.407,927.54,483.122,859.943,480.363,836.431,571.509,857.098,668.565,992.377,483.152,0,0,0,0,886.478,600.91,0,0,0,0,0,0,0,0,0,0,927.583,409.63,957.074,406.709,901.12,415.492,0,0,47.60441126646878,-49.08831692153155,54.34242886625044,25.07460281531939,
Hossein1,1,683,945.249,433.155,930.616,494.93,857.098,483.246,839.324,571.524,856.992,650.92,1021.85,506.825,0,0,0,0,0,0,0,0,0,0,0,0,0,0,0,0,918.815,406.678,974.737,409.502,880.546,412.651,0,0,49.96065812568799,-73.35884856577958,64.28442459524398,17.68900044158337,
Hossein1,1,684,951.183,400.798,927.552,480.201,862.882,480.191,845.247,556.831,853.969,639.131,995.307,477.283,0,0,0,0,889.337,633.284,0,0,0,0,0,0,0,0,0,0,930.602,388.969,968.801,388.956,895.256,389.024,0,0,39.16119196292605,-50.87129784335249,59.788095133656824,20.975815035986216,
Hossein1,1,685,933.549,427.287,930.573,486.101,868.801,483.138,851.066,556.769,851.042,624.584,998.267,486.174,0,0,0,0,886.459,636.263,0,0,0,0,0,0,0,0,0,0,918.807,406.635,959.975,409.567,886.46,409.527,0,0,46.405195744781665,-53.07965230044447,65.2681864838968,16.83806374882374,
Hossein1,1,686,951.096,433.184,936.469,486.105,880.48,480.324,851.129,553.766,848.126,609.788,998.29,494.918,0,0,0,0,889.341,633.277,0,0,0,0,965.882,636.241,0,0,0,0,933.503,412.477,960.057,412.55,907.126,412.607,977.692,430.207,46.61359816292133,-54.52880766269173,69.54085782605422,13.895170426354946,
Hossein1,1,687,930.647,418.444,924.656,480.25,880.476,480.146,854.092,542.091,845.175,597.911,968.859,483.293,0,0,0,0,892.335,600.953,0,0,0,0,951.145,606.792,0,0,0,0,924.693,409.576,0,0,904.097,415.467,0,0,35.557841803994954,-54.668004550156354,65.70980048585142,17.54334996732233,
Hossein1,1,689,930.518,436.108,930.515,506.817,860.042,500.858,824.586,589.135,0,0,1021.76,512.647,0,0,0,0,0,0,0,0,0,0,0,0,0,0,0,0,912.959,418.465,945.291,421.379,883.612,430.145,971.806,441.96,44.90422439566889,-54.63617061570114,119.96725181518188,3.3229870515934397,
Hossein1,1,691,957.035,418.468,927.588,553.805,771.653,544.985,0,0,0,0,1068.82,545.032,0,0,0,0,0,0,0,0,0,0,0,0,0,0,0,0,930.588,389.038,977.652,386.125,880.583,400.801,0,0,49.0450747417149,-41.60978796201235,90.0,nan,
Hossein1,1,693,927.481,436.041,927.641,471.401,889.426,474.314,865.793,524.408,0,0,962.914,471.462,1001.13,527.268,1042.42,574.359,883.577,568.497,0,0,0,0,945.223,574.449,0,0,0,0,912.881,433.033,930.492,427.271,904.086,433.185,945.317,433.147,47.22218717741128,35.75098684548056,118.57294227441605,66.06123549448647,
Hossein1,1,694,0,0,930.701,474.374,971.726,480.164,1010.06,544.931,1048.29,594.969,901.163,468.456,0,0,0,0,912.901,597.975,924.646,706.911,0,0,871.692,586.201,0,0,0,0,0,0,0,0,971.714,430.242,0,0,175.05722192344479,76.46814113428157,-71.21679360913767,-26.774652006545587,
Hossein1,1,695,921.766,456.675,933.555,492.032,901.029,492.002,862.821,553.744,856.843,615.66,977.636,500.791,1021.76,565.546,1065.85,618.502,880.631,571.422,836.406,600.913,0,0,936.487,586.18,933.486,615.635,0,0,907.117,439.108,930.568,439.134,898.147,444.948,954.102,444.97,42.61191442960305,-47.43307282521693,62.8612588472532,83.87426588337885,
Hossein1,1,696,915.866,456.702,942.285,497.852,904.02,483.254,0,0,0,0,977.774,503.826,1027.68,580.346,1074.74,642.036,868.811,574.488,0,0,0,0,912.873,600.873,0,0,0,0,907.065,441.937,927.695,441.999,0,0,954.035,453.671,42.91946527998506,-48.00565927723238,90.0,nan,
Hossein1,1,697,912.929,456.624,939.364,503.741,898.231,492.016,0,0,0,0,980.695,509.71,1030.63,595.007,1077.78,665.631,880.533,577.318,0,0,0,0,939.399,598.029,0,0,0,0,907.029,439.099,927.661,441.99,0,0,954.008,456.701,41.12086208551712,-49.62700217501535,90.0,nan,
Hossein1,1,698,933.487,462.609,948.154,503.905,903.928,494.928,868.79,553.846,877.515,597.997,992.374,518.487,1036.53,600.876,1080.65,680.351,880.577,580.405,880.52,692.134,0,0,936.477,603.876,927.605,692.171,0,0,927.6,456.607,951.073,456.624,907.088,462.628,971.823,465.527,46.962196836640196,-57.36908879881837,68.97358761183267,-81.98074191975024,
Hossein1,1,699,909.96,497.937,951.041,500.875,904.142,477.264,880.536,453.769,0,0,995.321,521.424,1042.4,618.504,1083.66,706.878,880.64,574.372,0,0,0,0,948.245,600.938,0,0,0,0,0,0,0,0,0,0,960.023,486.136,86.41537535879068,-48.59069192410505,114.50834510649882,70.65086064321059,
Hossein1,1,700,0,0,942.32,509.69,886.406,503.826,0,0,0,0,998.243,521.485,1045.27,624.488,1080.64,724.539,892.315,574.365,877.498,568.504,0,0,971.702,592.118,0,0,0,0,0,0,0,0,904.007,480.291,959.997,489.078,6.260426553443661,-84.11860692536729,90.0,nan,
Hossein1,1,701,0,0,942.362,506.766,886.419,497.941,0,0,0,0,998.355,512.7,1045.28,627.413,1071.89,739.162,895.271,571.522,877.473,565.584,0,0,974.677,594.994,0,0,0,0,0,0,0,0,906.953,480.217,962.914,492.034,6.299498771599929,-84.27090704031454,90.0,nan,
Hossein1,1,702,951.08,471.42,948.228,503.826,886.536,483.249,0,0,0,0,1004.13,512.596,1048.21,633.305,1068.87,751.019,895.216,574.342,0,0,0,0,974.772,595.046,0,0,0,0,933.489,459.655,954.258,459.64,909.945,468.438,974.767,468.494,62.2876419451691,-29.041986639461424,90.0,nan,
Hossein1,1,703,0,0,948.283,497.917,889.36,474.378,0,0,0,0,1004.25,509.694,1048.4,642.15,1062.97,765.678,892.34,562.632,0,0,0,0,971.753,577.433,0,0,0,0,0,0,0,0,0,0,0,0,6.748937753876763,-84.7671755849577,90.0,nan,
Hossein1,1,704,0,0,942.378,492.041,877.603,474.379,0,0,0,0,1012.95,503.894,1051.19,639.181,1054.14,762.914,889.347,565.584,0,0,0,0,974.629,577.441,0,0,0,0,0,0,0,0,903.941,462.562,974.857,492.005,7.499607790698619,-83.65332977632943,90.0,nan,
Hossein1,1,705,0,0,945.321,486.198,877.491,480.133,0,0,0,0,1018.82,503.699,1051.34,630.385,1048.43,762.766,889.346,574.475,0,0,0,0,977.562,580.336,0,0,0,0,0,0,977.566,433.239,904.139,453.782,992.386,447.866,7.9421330672481805,-82.45387483402564,90.0,nan,
Hossein1,1,706,0,0,951.081,491.978,883.421,483.27,0,0,0,0,1021.65,500.872,1054.23,624.368,1048.25,745.187,901.15,574.459,0,0,0,0,977.676,577.347,0,0,0,0,0,0,0,0,0,0,995.278,453.785,7.830565250218926,-82.73418868894696,90.0,nan,
Hossein1,1,707,0,0,948.206,500.816,877.553,500.776,856.948,494.983,877.631,439.038,1018.87,497.853,1051.29,615.576,1045.44,733.36,907.013,598.018,0,0,0,0,995.272,597.92,0,0,0,0,0,0,0,0,901.094,465.53,995.304,459.626,8.030053343670886,-82.08117346057878,111.60859983260686,-82.74417027068418,
Hossein1,1,708,0,0,951.044,494.943,880.423,500.81,868.746,577.399,0,0,1021.75,483.252,1051.21,598.057,1042.37,718.613,912.971,606.838,930.621,712.771,0,0,1001.12,597.914,1001.15,715.713,0,0,0,0,0,0,0,0,989.427,459.606,8.120442908648375,55.20274193323223,119.47113444081896,64.01741257618227,
Hossein1,1,709,954.107,509.678,948.261,497.889,877.528,506.67,880.543,592.094,895.284,595.034,1021.73,483.096,1048.29,580.37,1039.4,695.131,910.051,580.308,930.516,692.143,0,0,995.329,571.469,1018.83,671.565,0,0,936.441,506.746,968.835,497.912,930.498,503.855,977.741,483.212,-80.53754643597453,61.58738274511492,88.66805398031327,-77.98397450763153,
Hossein1,1,710,954.077,512.658,948.215,489.061,877.555,500.839,874.627,577.404,912.893,639.145,1021.68,480.31,1048.18,565.556,1033.61,665.645,912.911,583.239,948.183,671.586,0,0,995.225,574.378,1010.05,659.787,0,0,936.441,503.919,962.971,503.77,912.942,486.164,995.235,474.402,-71.53319006014996,85.49386359891837,60.42334563191524,69.8953194040191,
Hossein1,1,712,883.54,436.136,862.963,477.239,856.979,477.316,0,0,0,0,877.593,474.331,927.711,500.871,0,0,883.38,574.531,903.974,618.605,921.739,656.869,895.249,574.439,904.019,627.389,924.689,659.764,880.576,430.249,0,0,862.957,436.069,0,0,8.28323927664162,81.71161266837613,90.0,nan,
Hossein1,1,712,0,0,0,0,0,0,0,0,0,0,1021.89,483.197,1045.23,530.318,1030.66,606.771,0,0,0,0,0,0,0,0,0,0,0,0,0,0,0,0,0,0,1007.08,465.499,,,90.0,nan,
Hossein1,1,714,954.161,500.865,936.46,506.74,883.544,506.799,874.675,586.195,906.909,642.14,992.331,503.788,1021.79,527.384,1024.67,550.95,921.716,612.685,0,0,0,0,980.657,580.34,0,0,0,0,948.246,486.158,965.849,486.121,927.693,483.149,977.561,480.365,83.66468075850162,5.954171296275234,56.778209948329824,68.79856449563964,
Hossein1,1,718,936.42,503.785,957.02,577.366,859.985,597.924,0,0,0,0,1048.38,550.909,0,0,0,0,0,0,0,0,0,0,0,0,0,0,0,0,915.885,486.139,951.23,480.338,883.517,500.828,986.471,480.292,52.82719786184656,35.8034034353158,90.0,nan,
Hossein1,1,719,945.252,500.861,951.172,562.683,857.046,577.471,0,0,0,0,1045.29,533.231,0,0,0,0,0,0,0,0,0,0,0,0,0,0,0,0,924.609,483.086,954.084,480.121,880.651,489.102,998.152,480.142,56.7030725909988,32.30840880335661,90.0,nan,
Hossein1,1,720,933.51,500.834,951.158,574.485,848.136,589.184,0,0,0,0,1054.2,553.825,0,0,0,0,0,0,0,0,0,0,0,0,0,0,0,0,909.937,483.205,951.051,477.32,871.748,494.982,977.692,462.649,54.43881293648017,34.568296350658756,90.0,nan,
Hossein1,1,721,936.517,495,948.22,583.277,836.401,612.671,0,0,0,0,1051.29,550.836,0,0,0,0,0,0,0,0,0,0,0,0,0,0,0,0,912.904,480.274,951.182,471.46,874.668,500.761,974.803,465.577,51.710202308177756,36.27705582160937,90.0,nan,
Hossein1,1,722,936.46,494.954,921.704,500.87,859.818,506.74,839.278,577.35,836.335,630.401,977.649,489.144,986.485,556.838,957.152,630.362,892.262,580.354,886.419,651.013,0,0,954.263,574.341,968.782,603.91,968.773,650.969,918.837,480.368,951.133,477.317,883.511,480.258,971.785,474.28,84.53939614479484,10.48847618791386,69.42325185982004,73.00259123879096,
Hossein1,1,723,936.47,494.939,921.735,494.941,857.012,509.655,836.47,597.915,836.296,662.713,980.62,477.318,1024.79,509.679,0,0,892.297,594.974,907.023,683.322,948.239,748.096,965.875,574.434,0,0,0,0,915.879,483.101,951.114,474.37,883.385,480.204,968.752,456.589,89.99822950791857,35.611822239090145,65.82106816395377,79.22185220527435,
Hossein1,1,724,933.547,492.007,921.704,503.779,857.044,509.685,839.385,603.891,854.001,686.244,977.753,497.913,977.641,562.657,951.286,618.57,868.763,595.035,880.539,709.801,0,0,939.391,589.14,954.125,677.47,0,0,912.908,480.315,951.019,471.454,883.458,480.148,968.816,456.768,79.68174196312022,8.174100392549615,56.35750416011822,56.32343049965358,
Hossein1,1,725,939.365,489.046,924.587,503.684,859.846,521.439,839.378,624.506,851.094,698.055,980.56,483.136,1071.82,459.716,0,0,889.38,624.435,0,0,0,0,960.028,603.834,0,0,0,0,921.771,480.227,951.192,471.434,883.597,477.293,971.682,459.628,77.25959178264314,28.199648828169497,60.39930549219819,83.40660071163084,
Hossein1,1,726,939.442,489.102,921.767,500.753,856.937,524.304,836.399,630.373,842.311,727.479,980.701,477.324,1083.6,459.693,1124.81,465.567,895.286,612.698,0,0,0,0,971.815,586.257,0,0,0,0,924.692,480.326,951.223,474.403,886.411,477.273,971.683,459.566,79.81177835861115,38.721238553583675,54.94328877967635,77.3026620208549,
Hossein1,1,727,945.307,486.129,921.685,503.793,856.971,524.345,836.34,642.127,833.455,739.354,980.565,483.22,0,0,0,0,889.335,615.644,0,0,0,0,965.849,600.903,0,0,0,0,927.574,480.233,954.117,471.393,889.379,477.352,974.787,459.78,74.73274563022981,29.622837147856544,56.53874164639861,18.822089520706538,
Hossein1,1,728,942.362,489.147,924.586,503.859,857.05,527.375,833.479,653.96,827.559,765.756,980.688,483.246,0,0,0,0,889.337,630.343,0,0,0,0,0,0,0,0,0,0,924.725,480.303,951.258,474.4,883.555,477.33,974.585,456.746,77.71071452937655,32.64379018847399,53.86766836915557,20.06205459066676,
Hossein1,1,729,942.384,497.842,924.568,489.124,856.921,521.473,827.584,668.615,812.726,789.369,983.584,459.708,989.478,527.363,0,0,0,0,0,0,0,0,0,0,0,0,0,0,924.705,483.233,951.186,477.355,886.493,477.331,974.563,456.695,-82.65648941908123,-55.13892501240176,54.7492163823938,55.773496926380425,
Hossein1,1,729,1357.37,597.939,1322.03,727.463,1330.85,724.597,0,0,0,0,0,0,0,0,0,0,0,0,0,0,0,0,0,0,0,0,0,0,1330.94,583.21,1354.51,577.331,1283.7,609.751,0,0,176.10442974808626,85.98104285231409,,,
Hossein1,1,730,936.453,506.622,927.485,495.004,857.037,521.476,815.876,668.558,789.284,810.002,995.264,471.45,0,0,0,0,0,0,0,0,0,0,0,0,0,0,0,0,918.794,486.218,951.253,486.147,883.561,465.561,974.791,456.675,-80.63530213013559,-42.11110892583605,55.52307991202091,15.690515193804627,
Hossein1,1,731,930.618,503.845,927.476,486.193,857.094,515.604,809.763,689.196,768.724,833.409,992.346,462.609,0,0,0,0,877.572,595.045,0,0,0,0,0,0,0,0,0,0,912.937,486.193,951.12,486.192,895.274,477.239,974.81,444.928,-75.92047541800511,-45.93592033126222,57.18218014567458,12.329115360469933,
Hossein1,1,732,939.405,503.903,927.473,486.246,856.937,515.565,801.095,689.164,762.846,842.257,998.185,471.391,1024.66,412.588,0,0,880.47,603.881,0,0,0,0,0,0,0,0,0,0,924.667,486.125,954.134,486.191,886.461,465.562,980.554,459.691,-75.94617416393682,-41.75486708089023,56.95514591714468,61.03839120079121,
Hossein1,1,733,936.529,506.814,927.654,497.934,854.074,512.683,798.116,695.035,762.818,859.844,1004.15,483.261,1021.87,453.764,1010.01,409.578,0,0,0,0,0,0,0,0,0,0,0,0,927.481,491.992,954.118,492.032,886.513,474.369,0,0,-83.11854102722029,-21.647245745368895,55.6702843160825,58.36433285343414,
Hossein1,1,734,936.418,503.893,921.688,489.06,854.013,506.746,0,0,0,0,983.536,480.25,1018.83,433.158,0,0,859.935,583.278,0,0,0,0,951.133,577.421,0,0,0,0,924.702,486.218,951.205,486.214,886.498,474.338,0,0,-77.63740798954746,-13.548977146821771,90.0,nan,
Hossein1,1,735,930.633,506.613,918.83,492.026,839.372,506.661,801.078,686.262,789.317,845.227,1001.16,483.227,1027.74,453.698,1007.11,430.148,883.51,636.23,0,0,0,0,0,0,0,0,0,0,918.756,489.063,951.032,489.03,883.455,462.656,0,0,-79.59739939315833,-31.31819458709058,53.115781297583624,57.31521168457276,
Hossein1,1,736,927.579,506.639,910.039,489.039,836.352,492.079,803.991,671.581,809.866,827.542,992.359,486.153,1036.5,474.367,1024.7,436.072,874.646,615.629,0,0,0,0,971.714,615.647,0,0,0,0,909.991,486.163,945.294,492.001,883.525,462.636,0,0,-76.56668747931515,-18.79994216865086,49.48234944958513,56.8497188900453,
Hossein1,1,737,918.842,480.186,903.929,462.648,833.294,480.319,804.011,656.832,827.57,806.951,965.892,453.674,1021.72,480.221,1018.89,459.655,880.446,597.909,0,0,0,0,957.034,565.603,0,0,0,0,904.166,462.657,933.472,459.598,874.67,439.068,951.27,436.032,-76.055978679669,-45.053151632520276,42.657954973283765,51.638085279383645,
Hossein1,1,738,0,0,892.322,459.733,833.41,465.531,798.129,639.153,833.341,765.793,945.286,459.642,0,0,0,0,859.908,559.698,0,0,0,0,0,0,0,0,0,0,0,0,0,0,880.485,415.513,0,0,7.302310621817197,73.36524693564652,41.47547329005613,30.578876382726236,
Hossein1,1,738,977.679,365.558,977.631,412.609,0,0,0,0,0,0,1021.72,412.678,1030.6,471.405,0,0,0,0,0,0,0,0,0,0,0,0,0,0,971.801,362.372,989.415,359.598,954.026,362.485,1001.14,362.527,87.24461970017637,87.24461970017637,90.0,nan,
Hossein1,1,739,901.152,483.331,909.924,474.404,833.371,465.531,801.036,606.865,836.322,753.96,998.219,474.388,0,0,0,0,874.632,571.463,0,0,0,0,0,0,0,0,0,0,889.349,468.463,915.878,474.407,877.531,444.953,942.323,462.557,-83.34866392802567,8.693404628773592,47.74260914187098,26.611382516247616,
Hossein1,1,740,0,0,883.49,492.011,824.558,456.606,809.73,580.355,830.544,709.761,0,0,0,0,0,0,0,0,0,0,0,0,0,0,0,0,0,0,0,0,0,0,0,0,0,0,6.830223242570605,29.554690188900015,-81.14402326388118,81.14402326388118,
Hossein1,1,742,0,0,842.228,436.182,821.695,447.904,809.773,571.402,818.705,648.146,859.92,433.078,0,0,0,0,883.459,556.755,0,0,0,0,927.611,542.054,0,0,0,0,0,0,0,0,833.344,362.569,0,0,2.695174004557709,42.7894682982745,28.23781038299814,47.72042781666882,
Hossein1,1,743,880.507,412.521,839.402,447.827,809.991,453.77,806.95,550.886,812.767,624.542,877.625,441.962,0,0,0,0,874.634,544.961,0,0,0,0,909.97,527.321,0,0,0,0,877.559,409.477,880.67,409.436,836.345,409.492,0,0,39.795353700773234,12.696780505424309,41.365623662790235,36.88226514091011,
Hossein1,1,744,942.371,480.196,927.656,533.211,868.765,533.275,809.79,436.232,862.982,433.058,980.697,533.239,0,0,0,0,0,0,0,0,0,0,0,0,0,0,0,0,927.579,459.688,954.161,459.808,901.117,459.709,968.826,468.488,48.00574676286525,41.9320755610117,91.5445164322164,4.288178807248712,
Hossein1,1,745,948.225,480.284,927.583,518.496,859.882,509.676,0,0,0,0,974.769,527.398,1068.87,695.076,1030.67,618.607,0,0,0,0,0,0,0,0,0,0,0,0,930.59,459.783,957.055,462.617,904.21,459.637,0,0,60.5586188088932,-30.02905607410611,90.0,nan,
Hossein1,1,746,0,0,0,0,809.84,394.925,789.325,497.95,830.511,571.514,0,0,0,0,0,0,0,0,0,0,0,0,0,0,0,0,0,0,0,0,0,0,0,0,0,0,90.0,nan,-84.9381342882213,84.9381342882213,
Hossein1,1,747,933.619,486.208,948.21,497.931,860.028,483.223,833.426,574.432,842.276,603.913,1030.63,506.656,1051.21,603.87,1068.94,689.193,903.94,598.018,0,0,0,0,998.314,609.75,0,0,0,0,924.706,468.518,957.02,474.4,901.154,459.634,992.35,465.556,82.42744624531788,-36.510354139875105,81.10429019834511,-86.94792163308682,
Hossein1,1,748,0,0,951.122,506.752,868.733,489.085,836.355,571.463,848.129,627.39,1042.35,515.565,1054.18,624.47,1092.39,718.689,0,0,0,0,0,0,0,0,0,0,0,0,0,0,0,0,0,0,0,0,9.234490701373822,70.61547683609004,73.93595528027959,79.97483147088074,
Hossein1,1,749,942.374,492.066,948.187,509.676,859.877,503.731,836.428,580.314,839.437,642.103,1030.64,521.429,1068.81,659.805,1095.5,756.938,915.837,603.829,0,0,0,0,1015.88,618.562,0,0,0,0,927.727,474.299,960.021,480.104,903.982,459.622,992.39,471.443,78.72251133877101,-25.503872927810644,72.09128633512091,89.64380057643835,
Hossein1,1,750,939.394,500.841,948.245,512.633,859.883,500.853,839.314,568.578,853.93,630.404,1039.47,527.417,1071.99,671.537,1116.04,804.007,903.997,595.027,0,0,0,0,1012.96,618.568,0,0,0,0,930.475,480.168,965.853,480.316,906.962,471.403,998.239,477.301,82.39873094660156,-37.40131651818021,71.57079515200533,89.09524523355238,
Hossein1,1,751,948.255,500.877,945.303,506.706,859.857,503.784,848.173,571.468,856.858,627.474,1039.47,521.464,1086.51,689.194,1136.59,830.458,0,0,0,0,0,0,0,0,0,0,0,0,930.602,480.322,968.831,480.346,907.1,477.303,995.355,480.205,86.09741290702044,-17.943445791434133,72.94953893130783,-83.12208119935916,
Hossein1,1,752,0,0,945.246,503.768,862.821,506.704,848.195,562.643,857.101,636.249,1024.65,486.225,1065.93,606.813,1086.5,695.143,0,0,0,0,0,0,0,0,0,0,0,0,0,0,0,0,907.074,480.324,0,0,9.292227093428641,69.35716560314037,66.28362166162793,81.668180968847,
Hossein1,1,753,960.03,506.628,948.209,512.586,857.033,506.736,848.181,621.471,0,0,1042.35,527.286,1092.5,709.826,1163.04,895.283,0,0,0,0,0,0,0,0,0,0,0,0,936.524,483.187,983.544,483.272,904.101,477.234,998.256,480.187,86.26125733580214,-37.198166568671695,120.80428628476149,64.62875384910743,
Hossein1,1,754,965.892,503.826,951.034,515.601,857.056,509.671,836.398,559.693,0,0,1045.31,530.194,1098.34,727.467,0,0,0,0,0,0,0,0,0,0,0,0,0,0,945.256,483.143,983.512,483.1,904.04,477.194,1001.2,465.547,82.85832613492344,-23.15810996341986,118.16604603472791,67.54568125527447,
Hossein1,1,755,954.15,506.716,954.14,518.487,860.032,506.661,839.276,556.759,0,0,1048.35,527.323,1095.39,692.16,0,0,0,0,0,0,0,0,0,0,0,0,0,0,939.361,486.137,974.812,489.077,907.089,477.246,1004.15,468.48,82.87048771936122,-36.802400538550806,117.97193212295248,67.12566144590464,
Hossein1,1,756,954.208,506.817,954.201,524.339,860.016,509.766,842.271,568.587,877.493,436.023,1048.37,527.3,1092.47,650.979,0,0,927.669,736.301,0,0,0,0,1054.2,762.791,0,0,0,0,939.374,489.062,977.575,494.926,907.134,480.198,1001.14,477.316,79.4612811867893,-49.93311304456996,127.80381244322831,77.98345283973276,
Hossein1,1,757,954.041,521.459,959.961,506.802,862.906,506.652,842.306,568.564,0,0,1051.23,512.634,1098.37,650.969,1139.44,768.708,0,0,0,0,0,0,0,0,0,0,0,0,933.561,497.941,974.686,503.709,907.012,474.378,998.315,486.218,-81.41222931204695,8.170575783207275,118.40700290051723,66.84693743314317,
Hossein1,1,758,954.099,524.417,965.893,521.396,862.834,509.686,856.923,571.43,0,0,1057.16,518.538,0,0,0,0,0,0,0,0,0,0,0,0,0,0,0,0,939.371,503.733,974.754,503.793,0,0,1021.86,483.123,-88.32095209262125,61.53711887208363,118.39269067941845,2.2646953999119663,
Hossein1,1,759,951.052,527.219,962.94,503.824,865.777,456.639,0,0,0,0,1071.94,533.226,1115.92,668.628,0,0,0,0,0,0,0,0,0,0,0,0,0,0,936.456,503.7,971.699,506.723,0,0,1021.88,486.172,-76.46196572658192,10.418490317520238,90.0,nan,
Hossein1,1,762,0,0,971.739,489.042,854.022,447.891,0,0,0,0,1095.37,512.683,1136.58,695.064,1098.38,868.728,0,0,0,0,0,0,1042.36,833.424,0,0,0,0,0,0,0,0,0,0,0,0,13.534158326852191,-79.2245017616018,90.0,nan,
Hossein1,1,763,983.519,550.803,977.777,500.794,868.728,489.119,880.599,612.708,0,0,1098.31,500.884,1127.74,671.586,1089.55,830.474,0,0,0,0,0,0,0,0,0,0,0,0,0,0,0,0,0,0,0,0,-65.36418833216695,-69.15888508089448,119.15559032092963,64.20702132394439,
Hossein1,1,764,995.258,545.036,977.686,492.01,857.039,489.113,892.258,627.403,0,0,1098.35,486.227,1121.86,656.839,1080.63,809.76,0,0,0,0,0,0,0,0,0,0,0,0,974.629,512.672,1010.1,518.475,927.705,492.054,1060.1,483.143,-66.27385703223433,-28.428520174047765,119.73601000010873,63.032193962073904,
Hossein1,1,765,1001.12,536.242,977.66,486.218,865.791,497.917,883.507,618.544,0,0,1095.52,480.202,1121.9,603.819,1083.65,762.902,0,0,0,0,0,0,0,0,0,0,0,0,977.774,509.764,1018.92,518.465,930.557,494.928,1060.07,480.278,-65.90743566302663,9.346752482311866,119.44960447518679,63.69479088532059,
Hossein1,1,766,998.366,542.031,992.377,480.299,877.557,465.547,880.537,595.003,907.083,645.12,1098.44,462.65,1121.85,571.453,1092.3,712.763,0,0,0,0,0,0,0,0,0,0,0,0,980.559,518.453,1018.86,518.474,948.184,500.791,1048.31,480.216,-61.73567950396197,73.15611191093207,75.32369359063141,82.63452257954837,
Hossein1,1,767,998.294,530.422,992.342,462.64,877.583,462.646,792.235,486.205,0,0,1095.51,447.847,1124.87,524.385,1092.48,665.607,0,0,0,0,0,0,0,0,0,0,0,0,977.756,512.677,1015.92,509.752,0,0,1045.42,486.176,-59.43192656797053,-30.572101349221604,113.93241993076343,69.81841533242938,
Hossein1,1,767,0,0,0,0,0,0,0,0,0,0,0,0,0,0,0,0,0,0,880.485,583.286,904.108,653.954,0,0,0,0,0,0,0,0,0,0,0,0,0,0,,,,,
Hossein1,1,768,0,0,0,0,1110.1,433.136,1121.88,465.571,1098.38,600.86,0,0,0,0,0,0,0,0,0,0,0,0,0,0,0,0,0,0,0,0,0,0,0,0,0,0,90.0,nan,-82.9781660813776,82.9781660813776,
Hossein1,1,769,998.116,530.372,965.907,494.988,862.876,503.843,786.391,518.518,762.854,533.263,1068.83,450.856,1124.89,447.879,1110.14,556.811,0,0,880.447,618.513,895.299,668.643,0,0,0,0,0,0,971.779,506.723,1018.87,506.745,924.636,480.334,1045.3,468.515,-71.04595923408132,-25.558020344581493,87.24104765116759,-58.53220252532797,
Hossein1,1,770,992.383,530.264,942.357,547.928,877.535,598.006,0,0,0,0,1033.59,515.602,1124.79,436.029,1116.05,503.9,0,0,0,0,0,0,0,0,0,0,0,0,957.1,503.772,1015.96,503.794,898.228,483.262,0,0,74.75699814311714,11.9768649638017,90.0,nan,
Hossein1,1,771,986.479,527.391,877.604,636.24,801.062,648.04,0,0,0,0,933.539,642.129,0,0,0,0,0,0,0,0,0,0,0,0,0,0,0,0,954.191,497.955,1010.09,500.875,898.198,483.219,0,0,35.11466939111067,54.041399297813776,90.0,nan,
Hossein1,1,772,980.699,527.423,859.955,674.494,745.147,668.602,0,0,815.799,668.539,0,0,0,0,0,0,0,0,0,0,0,0,0,0,0,0,0,0,951.257,494.976,1010.04,503.699,880.455,480.146,0,0,37.97665800309227,-52.476379716285926,-50.66572929429648,50.66572929429648,
Hossein1,1,773,983.537,527.349,0,0,839.361,527.353,0,0,0,0,0,0,0,0,0,0,0,0,0,0,0,0,0,0,0,0,0,0,954.13,503.703,1001.25,500.89,883.599,477.266,0,0,57.85990663135967,0.00019576866264275783,,,
Hossein1,1,774,992.345,527.361,0,0,0,0,0,0,0,0,0,0,0,0,0,0,0,0,0,0,0,0,0,0,0,0,0,0,948.265,486.198,1021.71,486.172,862.925,474.335,0,0,,,,,
Hossein1,1,775,989.43,527.268,0,0,798.119,668.63,0,0,0,0,0,0,0,0,0,0,0,0,0,0,0,0,0,0,0,0,0,0,951.23,486.17,1015.91,486.112,874.647,471.413,0,0,56.549720270613484,6.504557059274681,,,
Hossein1,1,776,986.454,509.636,948.279,524.364,836.483,556.822,0,0,0,0,1051.3,497.939,1051.2,556.856,1001.14,645.023,0,0,0,0,0,0,0,0,0,0,0,0,951.123,489.024,1004.21,480.236,883.407,477.297,1045.17,459.757,82.4950744915841,5.282795606422475,90.0,nan,
Hossein1,1,777,977.581,506.724,951.027,521.454,839.307,550.8,783.349,742.21,768.669,892.302,1065.89,503.807,1024.71,589.117,1001.21,668.493,0,0,0,0,0,0,0,0,0,0,0,0,942.297,483.144,1001.18,480.183,886.492,465.562,1045.26,459.663,82.48901917529767,20.1628406274904,63.20693170287148,57.15624222132881,
Hossein1,1,778,974.597,506.82,954.132,515.569,839.326,530.312,0,0,0,0,1068.88,506.737,0,0,0,0,0,0,0,0,0,0,0,0,0,0,0,0,933.581,477.215,1001.17,474.292,880.513,456.663,0,0,85.64209405638402,3.351592761515434,90.0,nan,
Hossein1,1,779,974.594,503.857,951.165,518.511,833.511,571.473,0,0,0,0,1065.92,491.98,0,0,995.28,668.531,0,0,0,0,0,0,0,0,0,0,0,0,930.618,477.234,1001.12,465.493,874.648,447.883,1045.22,436.205,82.90027831739076,3.463986737502147,90.0,nan,
Hossein1,1,780,974.709,506.731,951.174,506.715,833.506,530.269,786.348,648.056,0,0,1068.91,497.862,0,0,0,0,0,0,0,0,0,0,0,0,0,0,0,0,930.57,471.416,1010,462.634,865.821,439.091,1057.12,444.929,-89.99220916080361,-26.548537368748974,121.22748738661963,6.252981546191796,
Hossein1,1,781,977.695,503.86,960,500.797,836.356,524.387,0,0,0,0,1071.89,503.772,0,0,959.996,633.264,0,0,0,0,0,0,0,0,0,0,0,0,930.669,462.645,1001.22,459.779,877.558,453.692,0,0,-88.58091710304836,-3.0347216691374657,90.0,nan,
Hossein1,1,782,974.737,486.222,948.262,500.845,836.467,512.624,0,0,0,0,1068.9,500.795,1027.72,595.065,954.033,633.303,0,0,0,0,0,0,0,0,0,0,0,0,936.48,459.61,1001.19,456.65,880.576,439.051,0,0,82.5479097999755,6.645313145435866,90.0,nan,
Hossein1,1,783,965.878,492.065,0,0,0,0,0,0,0,0,0,0,0,0,0,0,0,0,0,0,0,0,0,0,0,0,0,0,927.58,456.699,998.24,459.558,0,0,0,0,,,,,
Hossein1,1,784,971.719,500.778,957.034,503.759,839.355,512.635,0,0,0,0,1071.9,524.428,1018.89,606.795,939.354,647.936,0,0,0,0,0,0,0,0,0,0,0,0,933.577,465.561,995.31,465.603,886.405,453.781,0,0,88.54891527418758,0.8452166681172937,90.0,nan,
Hossein1,1,785,968.788,500.909,962.958,492.013,836.361,509.692,0,0,0,0,1071.92,524.343,0,0,0,0,0,0,0,0,0,0,0,0,0,0,0,0,927.69,462.632,1001.14,459.639,880.43,453.783,0,0,-85.98041994654191,-5.230517988144539,90.0,nan,
Hossein1,1,786,965.907,497.938,965.889,492.056,842.31,503.76,786.333,648.075,0,0,1086.53,506.731,0,0,0,0,0,0,0,0,0,0,0,0,0,0,0,0,927.569,459.691,1001.13,456.75,883.437,456.667,0,0,-87.27494460315341,-14.534661978804108,120.8145150289332,5.811321099875215,
Hossein1,1,787,968.855,500.884,954.04,489.116,827.565,518.471,742.298,786.316,0,0,1083.59,483.148,0,0,0,0,0,0,0,0,0,0,0,0,0,0,0,0,930.568,465.515,1001.12,462.562,883.481,453.696,1042.41,444.897,-84.68415915540498,-24.31296772599967,125.96682431972135,11.935825035871547,
Hossein1,1,788,965.886,500.887,954.027,494.95,833.421,503.778,765.743,665.637,712.714,895.254,1083.59,489.091,0,0,0,0,0,0,0,0,0,0,0,0,0,0,0,0,930.475,465.547,998.301,459.7,883.461,453.795,1048.27,441.979,-87.18180957252558,-10.249960325093488,58.23749382805879,11.214956333829978,
Hossein1,1,789,0,0,951.153,497.924,812.885,503.84,736.292,786.389,0,0,1098.31,527.328,0,0,0,0,0,0,0,0,0,0,0,0,0,0,0,0,0,0,0,0,880.52,456.676,0,0,15.519386781644764,70.06388897410314,125.60263041767598,9.955723002028131,
Hossein1,1,789,959.965,503.758,0,0,812.885,503.84,0,0,0,0,0,0,0,0,0,0,0,0,0,0,0,0,0,0,0,0,0,0,927.616,468.428,998.17,459.758,880.52,456.676,0,0,58.21283438545514,0.004175769860414875,,,
Hossein1,1,790,954.086,503.705,942.384,483.302,792.268,480.309,739.139,774.56,730.462,977.615,1089.53,483.177,1145.42,430.232,0,0,0,0,0,0,0,0,0,0,0,0,0,0,921.73,462.631,992.351,459.723,871.669,441.972,1033.64,439.119,-82.26007725532223,4.515596972023743,60.51159330943407,66.96078575254585,
Hossein1,1,791,951.081,494.989,948.213,480.158,792.221,459.607,739.219,748.131,786.233,1018.84,1104.24,494.942,1160.14,433.19,0,0,0,0,0,0,0,0,0,0,0,0,0,0,915.814,456.692,980.66,456.791,865.856,433.119,1042.34,430.228,-84.56890672429577,15.76221526097159,49.59333123716588,55.68375677685766,
Hossein1,1,792,965.857,344.828,901.151,427.276,783.379,450.797,742.169,706.888,789.208,927.652,1004.12,391.99,0,0,0,0,1010.02,645.02,0,0,0,0,1098.35,574.399,0,0,0,0,918.788,335.952,957.113,324.213,853.967,347.82,0,0,55.00549841308793,5.278526233987805,44.23044937198348,17.691229602889866,
Hossein1,1,794,0,0,792.3,406.677,809.835,412.533,880.488,568.535,974.762,624.428,765.761,394.918,0,0,0,0,0,0,0,0,0,0,0,0,0,0,0,0,859.896,297.786,0,0,842.304,306.619,0,0,177.53106378644267,82.79299301654643,-75.0277935894643,-31.65646447321843,
Hossein1,1,795,0,0,0,0,0,0,0,0,0,0,0,0,742.282,594.996,789.216,786.255,0,0,0,0,0,0,0,0,0,0,0,0,0,0,0,0,0,0,0,0,,,,,
Hossein1,1,796,1115.99,418.474,1145.42,450.863,1115.92,453.702,0,0,0,0,1186.56,453.68,1204.32,515.595,1142.57,503.832,1118.93,574.377,1130.7,680.359,0,0,1165.96,577.335,1210.19,656.867,0,0,1107.21,409.644,1121.84,409.627,0,0,1142.45,406.687,42.32735328097876,47.52688146066924,90.0,nan,
Hossein1,1,796,0,0,909.962,453.738,786.36,388.978,742.175,550.878,771.651,721.674,1018.8,506.714,0,0,0,0,0,0,0,0,0,0,0,0,0,0,0,0,0,0,0,0,0,0,0,0,15.238107108282374,49.543373672511024,55.3530100749099,22.73271221946363,
Hossein1,1,801,998.239,462.565,0,0,0,0,0,0,0,0,0,0,0,0,0,0,0,0,0,0,0,0,0,0,0,0,0,0,957.039,409.659,1033.61,415.515,886.418,394.886,1119.05,453.722,,,,,
Hossein1,1,804,1004.12,471.414,0,0,815.811,500.871,0,0,0,0,0,0,0,0,0,0,0,0,0,0,0,0,0,0,0,0,0,0,954.073,409.549,1065.98,418.43,883.455,394.917,1119,430.171,59.978655940876415,1.5266961149071634,,,
Hossein1,1,806,1007.07,480.281,0,0,809.907,500.847,0,0,0,0,0,0,0,0,0,0,0,0,0,0,0,0,0,0,0,0,0,0,951.2,400.824,1062.99,433.209,877.591,385.995,1130.72,436.117,59.331737313431105,1.0644100868389887,,,
Hossein1,1,807,1015.87,486.175,0,0,809.885,509.698,0,0,0,0,1213.05,580.394,0,0,0,0,0,0,0,0,0,0,0,0,0,0,0,0,954.12,406.652,1074.82,424.336,859.974,391.927,1142.39,436.12,59.02355256661786,1.207653483100644,90.0,nan,
Hossein1,1,808,1021.75,486.208,0,0,812.873,506.757,0,0,0,0,0,0,0,0,0,0,0,0,0,0,0,0,0,0,0,0,0,0,962.983,412.486,1083.59,430.204,877.573,394.889,1160.08,439.074,59.11486836476281,1.054889502091409,,,
Hossein1,1,809,1033.59,489.136,0,0,812.934,698.069,0,0,0,0,0,0,0,0,0,0,0,0,0,0,0,0,0,0,0,0,0,0,971.806,412.597,1095.49,427.285,868.729,403.73,1165.98,442.018,58.965007999367046,9.617798905241306,,,
Hossein1,1,810,1036.48,491.997,1024.72,512.665,821.669,494.952,0,0,0,0,1213.11,565.577,1304.33,806.946,0,0,0,0,0,0,0,0,0,0,0,0,0,0,971.81,409.649,1101.31,430.21,889.361,391.949,1163.15,433.116,84.18803771418393,-7.0469157463581675,90.0,nan,
Hossein1,1,811,1045.27,492.077,0,0,818.725,497.888,0,0,0,0,1233.71,556.814,0,0,0,0,0,0,0,0,0,0,0,0,0,0,0,0,980.602,415.511,1110.07,433.192,892.307,403.745,1166.09,427.305,58.99293621082443,0.2978101589343933,90.0,nan,
Hossein1,1,812,1057.09,497.91,0,0,0,0,0,0,0,0,1260.29,553.807,0,0,0,0,0,0,0,0,0,0,0,0,0,0,0,0,989.453,427.266,1118.89,433.24,883.464,409.673,1189.68,436.111,,,90.0,nan,
Hossein1,1,813,1071.81,506.711,0,0,0,0,0,0,0,0,1283.78,530.312,0,0,0,0,0,0,0,0,0,0,0,0,0,0,0,0,1007.11,430.239,1130.7,436.039,904.09,409.592,1210.08,433.115,,,90.0,nan,
Hossein1,1,814,1083.57,503.76,1080.63,500.829,836.37,521.457,0,0,0,0,1286.74,509.706,1377.97,762.781,0,0,0,0,0,0,0,0,0,0,0,0,0,0,1015.89,436.128,1142.56,433.217,924.677,412.51,1207.19,409.619,-89.31251178956649,-2.1003291517598766,90.0,nan,
Hossein1,1,815,1095.43,503.799,0,0,0,0,0,0,0,0,0,0,0,0,0,0,0,0,0,0,0,0,0,0,0,0,0,0,1036.53,453.728,1130.68,456.722,0,0,0,0,,,,,
Hossein1,1,817,1118.94,509.653,0,0,0,0,0,0,0,0,0,0,0,0,0,0,0,0,0,0,0,0,0,0,0,0,0,0,1048.34,433.154,1186.56,436.177,0,0,0,0,,,,,
Hossein1,1,819,1018.88,291.799,0,0,0,0,0,0,0,0,0,0,0,0,0,0,0,0,0,0,0,0,0,0,0,0,0,0,986.454,259.477,0,0,918.81,291.94,0,0,,,,,
Hossein1,1,820,545.001,374.291,483.207,486.194,403.684,462.54,0,0,0,0,568.529,509.69,0,0,0,0,0,0,0,0,0,0,0,0,0,0,0,0,530.233,342.069,565.574,362.44,497.917,344.914,589.159,386.04,35.3992098001634,-57.95422130839618,90.0,nan,
Hossein1,1,821,730.435,489.061,689.219,627.462,603.904,606.772,556.838,765.708,568.512,883.48,771.643,648.05,0,0,0,0,453.753,857.013,0,0,0,0,0,0,0,0,0,0,709.784,459.563,759.863,471.421,665.592,468.503,795.184,497.879,31.651067414260762,-82.07900533445702,59.8955502260892,13.137385203272624,
Hossein1,1,821,1171.91,509.73,0,0,827.527,603.931,0,0,0,0,0,0,0,0,0,0,0,0,0,0,0,0,0,0,0,0,0,0,1092.46,433.068,1242.55,415.568,983.582,421.424,0,0,58.36826742304152,4.4903164882837805,,,
Hossein1,1,822,1207.21,515.555,0,0,0,0,0,0,0,0,0,0,0,0,0,0,0,0,0,0,0,0,0,0,0,0,0,0,1095.45,418.429,0,0,989.397,421.396,0,0,,,,,
Hossein1,1,823,468.496,474.307,486.108,545.009,459.676,533.184,415.5,592.073,0,0,506.804,553.772,444.931,621.56,385.968,618.504,409.633,674.518,300.692,739.222,0,0,436.134,695.073,0,0,0,0,462.657,453.776,483.17,459.684,0,0,509.698,477.304,20.49829742752383,-84.48727285736278,139.43706023452327,34.18771755420279,
Hossein1,1,825,1230.79,483.254,0,0,0,0,0,0,0,0,0,0,0,0,0,0,0,0,0,0,0,0,0,0,0,0,0,0,1213.11,409.618,1313.17,409.613,0,0,0,0,,,,,
Hossein1,1,827,1210.13,456.728,0,0,0,0,0,0,0,0,0,0,0,0,0,0,0,0,0,0,0,0,0,0,0,0,0,0,1110.1,368.424,1236.64,383.118,1010,394.903,0,0,,,,,
Hossein1,1,838,753.945,374.294,0,0,0,0,0,0,0,0,0,0,0,0,0,0,0,0,0,0,0,0,0,0,0,0,0,0,733.375,339.014,798.086,339.057,0,0,0,0,,,,,
Hossein2,5,100,571.5,1063.58,566.026,1037.62,445.69,1063.93,0,0,0,0,681.319,1021.91,770.647,1226.1,733.849,1419.94,555.644,1226.09,0,0,0,0,681.35,1194.8,0,0,0,0,555.52,1042.81,597.483,1027.23,508.455,1021.92,623.826,990.564,-77.82618669227922,-15.552180699291908,90.0,nan,
Hossein2,5,101,571.555,1063.88,560.967,1042.82,440.366,1069.23,560.924,1226.07,660.579,1309.83,676.251,1016.53,775.714,1215.64,733.944,1409.64,566.124,1189.5,670.892,1346.57,0,0,686.609,1152.91,733.967,1278.48,0,0,550.507,1053.3,592.41,1032.39,498.112,1027.21,618.659,1000.99,-80.09458005948386,2.4508728259480774,10.59784681773175,29.330515278517876,
Hossein2,5,102,566.31,1068.93,566.081,1053.32,435.196,1069.3,566.049,1220.9,686.77,1341.37,686.845,1021.97,775.866,1184.13,739.161,1388.5,571.414,1184.11,649.931,1336.15,0,0,697.107,1152.87,754.699,1325.67,0,0,529.68,1053.33,592.244,1032.5,482.448,1037.52,628.956,1006.13,-83.19874457288277,0.16133048193326902,0.03567014948379,15.609526295176767,
Hossein2,5,103,566.144,1069.26,561.128,1047.99,435.375,1079.48,524.191,1210.49,0,0,686.618,1011.33,775.819,1142.4,749.507,1330.99,592.393,1199.93,613.304,1388.51,0,0,712.793,1158.09,744.318,1336.2,765.22,1472.3,524.407,1063.75,576.608,1042.78,477.227,1042.96,618.55,995.729,-80.39979087720096,9.9219170915386,150.43708739962779,34.60345231239071,
Hossein2,5,105,576.606,1069.1,576.719,1058.52,440.712,1105.51,0,0,0,0,728.385,1021.83,765.306,1142.3,770.452,1273.23,0,0,0,0,0,0,692.096,1163.25,765.151,1304.7,780.967,1404.19,529.669,1063.67,597.618,1027.26,482.404,1063.77,644.515,979.963,-85.55191260175722,-10.534137198193124,90.0,nan,
Hossein2,5,108,597.649,1042.92,597.694,1074.3,461.454,1121.35,0,0,0,0,718.052,1027.08,0,0,0,0,0,0,0,0,0,0,0,0,0,0,0,0,555.616,1027,602.972,995.741,0,0,0,0,77.02934271261118,7.148879560319237,90.0,nan,
Hossein2,5,110,602.554,1053.33,602.753,1116.28,477.245,1137.11,0,0,0,0,707.526,1111.05,786.262,1278.56,0,0,0,0,0,0,0,0,0,0,0,0,0,0,555.625,1021.91,608.345,990.645,471.864,1016.54,681.324,979.75,63.363412625058196,24.137422173002708,90.0,nan,
Hossein2,5,111,597.546,1037.65,602.846,1121.44,0,0,0,0,0,0,717.987,1110.76,0,0,0,0,0,0,0,0,0,0,0,0,0,0,0,0,550.39,1021.73,608.142,990.355,476.992,1027.07,660.401,980.009,82.08711326339275,82.08711326339275,90.0,nan,
Hossein2,5,120,608.125,980.015,602.746,1021.82,482.584,980.101,356.732,1069.05,320.103,1215.74,712.846,1058.54,0,0,0,0,0,0,0,0,0,0,0,0,0,0,0,0,587.233,943.505,639.588,948.542,545.3,943.386,686.495,943.559,70.81694190853993,-37.52303218350189,69.51927711871504,8.044643818104781,
Hossein2,5,121,0,0,587.177,1011.36,482.505,974.678,351.174,1069.05,299.014,1236.57,686.672,1042.83,0,0,0,0,471.955,1105.75,0,0,0,0,0,0,0,0,0,0,0,0,0,0,571.411,943.433,0,0,5.908862539284914,80.30330752742073,66.62921086933815,7.61472444713273,
Hossein2,5,122,618.586,943.398,602.744,1000.9,482.499,964.342,314.967,1074.16,272.66,1257.64,723.364,1032.46,0,0,0,0,0,0,0,0,0,0,0,0,0,0,0,0,602.922,911.98,649.92,927.589,560.788,927.604,0,0,64.44254709324872,-37.86728500807453,67.84893597275645,4.8599307456004235,
Hossein2,5,123,0,0,602.66,948.686,503.246,938.197,293.867,1090.06,236.302,1283.88,691.768,974.736,0,0,0,0,0,0,0,0,576.6,1289.07,0,0,0,0,0,0,0,0,0,0,0,0,0,0,5.982263115327098,-86.88561500975675,66.94820053031216,1.0275767598129222,
Hossein2,5,124,0,0,634.179,948.537,498.138,937.928,278.178,1100.46,230.949,1330.96,770.391,969.524,0,0,0,0,524.279,1105.65,524.256,1189.58,0,0,0,0,0,0,0,0,0,0,0,0,571.471,896.287,0,0,8.16181213768519,-84.59950918612503,66.86330170940943,1.997353909744846,
Hossein2,5,125,0,0,602.758,958.976,492.926,938.125,267.796,1110.99,241.476,1362.53,691.862,969.482,0,0,0,0,0,0,0,0,0,0,0,0,0,0,0,0,0,0,0,0,0,0,0,0,6.533645687764915,-88.75785608088125,60.81669789554625,0.41767971669123194,
Hossein2,5,126,0,0,597.597,974.623,492.808,932.863,267.509,1131.86,272.976,1388.41,686.468,1016.65,0,0,0,0,451.034,1053.3,0,0,0,0,0,0,0,0,0,0,0,0,0,0,644.871,901.436,0,0,6.136722909048729,85.63591192359317,58.18257809967225,3.379451641921847,
Hossein2,5,127,634.324,943.345,597.551,974.748,482.561,932.738,272.781,1142.33,330.582,1398.77,686.659,1021.95,0,0,0,0,409.105,1058.47,419.595,1142.43,0,0,534.773,1074.24,0,0,0,0,629.055,906.87,0,0,603.043,901.615,0,0,74.72536252392544,-26.59875064341746,54.239271759615065,7.003931896658275,
Hossein2,5,128,0,0,597.591,969.513,477.224,927.537,283.393,1147.4,393.058,1367.75,692.004,1000.99,0,0,0,0,429.862,1027.07,430.074,1163.3,0,0,550.431,1058.56,0,0,0,0,0,0,0,0,618.562,917.208,0,0,7.077173316879687,84.85789995927625,53.60645719461831,8.470090126413716,
Hossein2,5,129,0,0,592.377,964.325,477.031,906.633,309.654,1131.8,435.082,1351.94,686.682,1016.59,0,0,0,0,0,0,0,0,0,0,0,0,0,0,0,0,0,0,0,0,0,0,0,0,6.82092506239041,77.80272516102063,48.81536463342262,15.155469332846332,
Hossein2,5,130,0,0,566.397,969.519,471.859,901.514,325.222,1110.78,450.981,1320.48,670.918,1022.02,566.278,1137.06,0,0,429.821,1027.22,0,0,0,0,0,0,0,0,0,0,0,0,0,0,0,0,0,0,5.569316483162597,70.68913138051762,46.36493350065069,27.044280199186222,
Hossein2,5,131,0,0,592.416,948.477,471.974,890.814,351.549,1074.34,445.683,1262.85,692.02,1021.75,602.772,1111.06,503.426,1199.96,445.658,1016.63,388.002,1210.41,0,0,560.98,1058.43,0,0,0,0,0,0,0,0,0,0,0,0,7.236950335284473,71.65049228772304,52.57488697486407,32.26184361708539,
Hossein2,5,152,618.555,979.855,628.996,969.517,440.614,969.575,0,0,0,0,806.979,959.029,1021.57,1178.99,0,0,0,0,0,0,0,0,0,0,0,0,0,0,576.744,943.113,650.112,937.976,518.885,896.315,723.233,896.017,-86.85888125827498,-3.148660842503857,90.0,nan,
Hossein2,5,153,608.337,974.704,608.109,979.792,409.109,980.107,0,0,0,0,807.025,953.886,1006.12,1147.65,0,0,445.751,1472.36,0,0,0,0,759.995,1488.04,0,0,0,0,566.344,937.818,649.94,932.804,508.452,896.037,712.833,896.359,88.53538981277602,1.4204943966155805,90.0,nan,
Hossein2,5,154,613.364,979.757,608.064,1000.96,414.25,1048.06,0,0,0,0,807.137,943.389,979.948,1100.3,948.462,1404.26,0,0,0,0,0,0,843.798,1529.91,0,0,0,0,566.185,938.001,649.995,927.666,482.609,911.823,702.43,896.33,83.75674369390256,0.24338625051568022,90.0,nan,
Hossein2,5,155,613.482,959.115,618.639,985.39,440.431,1027.26,0,0,0,0,807.121,943.19,938.209,1053.2,911.838,1325.63,545.252,1519.43,0,0,0,0,807.122,1488.05,0,0,0,0,566.364,932.656,649.941,911.931,503.318,901.411,697.066,885.738,81.61273363565005,2.9567079241277634,90.0,nan,
Hossein2,5,156,608.247,953.923,602.803,985.123,403.857,985.24,0,0,0,0,812.389,974.695,890.808,1205.22,891.034,1278.58,0,0,0,0,0,0,0,0,0,0,0,0,566.074,922.247,644.944,906.762,492.789,901.395,697.245,890.907,81.08710124208208,8.896299798346872,90.0,nan,
Hossein2,5,157,0,0,0,0,0,0,0,0,0,0,0,0,864.722,927.672,859.749,1220.95,0,0,0,0,0,0,0,0,0,0,0,0,0,0,0,0,0,0,0,0,,,,,
Hossein2,5,164,608.146,980.249,0,0,0,0,0,0,0,0,0,0,0,0,0,0,0,0,0,0,0,0,0,0,0,0,0,0,571.435,943.397,644.711,943.061,0,0,0,0,,,,,
Hossein2,5,165,613.444,985.418,587.223,1027.16,440.409,1027.09,325.174,1095.14,382.761,1021.84,733.752,1027.14,875.242,1278.51,0,0,0,0,0,0,0,0,0,0,0,0,0,0,571.414,953.82,649.899,943.46,503.394,943.289,702.293,932.777,74.12854527361907,-15.906259291596427,101.79595818197046,-13.94116789092327,
Hossein2,5,166,629.109,995.738,597.472,1068.91,440.329,1079.48,304.298,1116.36,356.801,1027.33,733.982,1063.84,906.609,1299.52,0,0,0,0,0,0,0,0,0,0,0,0,0,0,571.567,964.33,655.217,948.471,492.873,953.8,723.156,938.024,65.03144956043738,20.525431333417934,103.28103551410426,-25.22290943789221,
Hossein2,5,167,639.439,1001,608.032,1090.01,0,0,0,0,0,0,754.703,1074.3,0,0,0,0,0,0,0,0,0,0,0,0,0,0,0,0,576.639,969.444,660.563,948.635,482.193,948.511,733.662,938.044,81.67160901686647,81.67160901686647,90.0,nan,
Hossein2,5,168,649.884,1016.55,571.454,1063.61,414.285,1100.46,267.492,1163.26,0,0,723.387,1027.11,0,0,0,0,0,0,0,0,0,0,0,0,0,0,0,0,592.417,979.908,681.521,948.725,477.165,943.233,733.789,932.768,73.33109506038441,2.5769286174059802,148.12409610433008,3.280887635282375,
Hossein2,5,169,649.8,1021.94,560.933,1163.25,356.63,1168.59,246.627,1189.66,351.277,1105.59,770.328,1152.85,0,0,0,0,0,0,0,0,0,0,0,0,0,0,0,0,592.424,979.869,686.648,964.29,482.581,953.866,0,0,55.32960146886498,31.89120644220866,101.34408396990692,7.833360079810355,
Hossein2,5,170,655.213,1022.09,571.393,1163.38,361.967,1189.56,231.023,1226.1,325.306,1467.18,791.45,1147.7,0,0,0,0,0,0,0,0,0,0,0,0,0,0,0,0,602.625,985.038,691.83,964.348,487.668,953.877,733.969,938.005,55.99428797949299,22.699482020117454,62.65293310277197,5.364902822467869,
Hossein2,5,171,660.573,1027.13,561.107,1231.44,288.595,1242,0,0,0,0,838.57,1226.18,0,0,0,0,0,0,0,0,0,0,0,0,0,0,0,0,602.887,985.106,692.159,974.538,482.352,943.409,759.859,943.182,53.140061114965036,34.76435990342859,90.0,nan,
Hossein2,5,172,676.113,1027.14,555.714,1225.99,278.109,1268,0,0,0,0,786.137,1189.51,0,0,0,0,0,0,0,0,0,0,0,0,0,0,0,0,608.016,980.182,707.566,969.451,492.824,948.745,770.414,943.17,54.3857649487531,27.02431234380971,90.0,nan,
Hossein2,5,173,676.22,1032.26,576.725,1226.1,309.462,1268.02,0,0,0,0,854.242,1184.29,0,0,0,0,0,0,0,0,0,0,0,0,0,0,0,0,608.105,985.151,718.039,974.629,503.372,959.116,775.71,948.659,54.047445411370724,28.238173633418985,90.0,nan,
Hossein2,5,174,686.646,1032.26,608.186,1068.9,435.187,1111.06,152.463,1320.67,126.157,1770.93,770.469,1048.09,0,0,0,0,0,0,0,0,0,0,0,0,0,0,0,0,618.635,985.442,728.464,979.832,519.209,964.254,781.143,948.672,78.04185698584295,3.4766554731624426,55.05326732813092,8.22644121596163,
Hossein2,5,175,691.899,1032.4,639.514,1069.15,435.32,1105.75,141.749,1346.54,89.5732,1770.94,828.083,1074.29,0,0,0,0,0,0,0,0,0,0,0,0,0,0,0,0,629.008,990.419,733.746,979.824,524.525,979.772,801.93,943.413,79.79736348510083,3.096140892615393,60.11527632400803,10.188520730153508,
Hossein2,5,176,697.195,1048.08,644.787,1058.58,440.415,1105.52,110.628,1357.17,0,0,822.821,1037.62,0,0,0,0,0,0,0,0,0,0,0,0,0,0,0,0,639.563,1000.85,738.977,980.191,534.815,979.883,817.563,948.525,87.05890634888371,5.159648695746301,148.77252897129466,7.186550362154199,
Hossein2,5,177,697.305,1058.41,681.485,1048.03,456.278,1063.66,99.9773,1362.47,10.9223,1681.85,901.365,1058.55,0,0,0,0,0,0,0,0,0,0,0,0,0,0,0,0,644.474,1011.34,739.026,985.193,534.732,964.261,822.941,943.53,-87.36105190223564,-5.150756959646814,70.26833241463387,14.932453047587185,
Hossein2,5,178,697.289,1058.37,686.68,1063.78,440.624,1069.1,99.9468,1356.95,0,0,896.183,1058.49,0,0,0,0,0,0,0,0,0,0,0,0,0,0,0,0,639.607,1000.89,739.226,985.18,539.925,969.515,833.288,958.982,88.74044838237558,0.36489599184887417,146.5576627734252,6.810975680790203,
Hossein2,5,179,697.054,1058.46,686.593,1037.59,445.682,1053.28,94.823,1341.43,63.4793,1666.2,896.136,1006.14,0,0,0,0,0,0,0,0,0,0,0,0,0,0,0,0,629.084,995.798,739.218,980.197,540.01,969.496,854.177,948.567,-85.04885602238839,-7.511637659670066,68.69219246090272,15.06615280894155,
Hossein2,5,180,697.073,1063.6,686.703,1027,440.375,1027.09,115.708,1351.84,141.992,1755.22,911.901,990.478,0,0,0,0,0,0,0,0,0,0,0,0,0,0,0,0,629.088,995.808,744.218,985.147,534.759,948.657,849.131,943.378,-81.54868730200093,-8.467195494908172,62.3485161937913,12.332518148877076,
Hossein2,5,181,692.006,1063.6,681.337,1021.65,429.987,1016.63,152.546,1315.35,231.102,1734.14,896.234,1016.56,0,0,0,0,0,0,0,0,0,0,0,0,0,0,0,0,634.193,990.546,744.358,985.185,534.821,943.335,864.829,943.409,-80.52474045286355,8.438666430868384,57.804069580789694,6.48697855069042,
Hossein2,5,182,691.926,1053.31,691.774,1027.02,409.077,995.695,189.191,1273.22,346.064,1660.98,1021.85,1100.39,0,0,0,0,0,0,0,0,0,0,0,0,0,0,0,0,634.331,985.2,739.168,980.045,534.683,938.003,875.15,937.839,-84.6869403314593,2.7947522572964063,60.15317924994582,1.0975149500962578,
Hossein2,5,183,697.178,1053.26,650.142,979.844,414.385,974.745,231.037,1215.65,362.035,1566.63,885.749,964.268,0,0,0,0,0,0,0,0,0,0,0,0,0,0,0,0,644.558,985.074,754.823,979.79,534.716,932.727,859.566,932.652,-72.70313004396117,15.703856147575127,56.170997345866006,0.38902960501791284,
Hossein2,5,184,702.351,1053.29,0,0,409.078,1000.95,0,0,0,0,0,0,0,0,0,0,0,0,0,0,0,0,0,0,0,0,0,0,629.032,974.646,775.62,959.06,524.205,937.937,943.338,938.104,21.22523239840711,1.0040986651803758,,,
Hossein2,5,185,702.438,1042.9,681.353,990.347,424.721,959.066,314.838,1147.69,409.023,1435.74,964.237,1021.85,0,0,0,0,0,0,0,0,0,0,0,0,0,0,0,0,644.642,974.524,770.602,979.77,534.687,906.6,0,0,-78.42699263910613,4.317348324783407,62.57931098643883,4.189698432287085,
Hossein2,5,186,686.842,1032.45,0,0,398.653,964.294,0,0,0,0,0,0,0,0,0,0,0,0,0,0,0,0,0,0,0,0,0,0,634.313,948.629,770.606,974.752,529.681,901.411,943.224,1027.11,21.112736452884278,1.3481681753202532,,,
Hossein2,5,187,697.168,1032.37,0,0,0,0,0,0,0,0,0,0,0,0,0,0,0,0,0,0,0,0,0,0,0,0,0,0,639.39,948.743,775.721,959.111,524.323,932.735,938.091,1026.98,,,,,
Hossein2,5,188,702.41,1032.52,723.178,1016.62,440.46,979.974,403.757,1278.58,0,0,0,0,0,0,0,0,0,0,0,0,0,0,0,0,0,0,0,0,639.59,948.662,775.674,948.533,529.522,911.852,0,0,-86.78108844004613,41.736563514350685,,,
Hossein2,5,189,707.618,1027.06,723.251,1089.98,477.097,1021.93,0,0,0,0,974.67,1147.53,0,0,0,0,0,0,0,0,0,0,0,0,0,0,0,0,649.854,948.588,775.927,953.794,555.761,932.891,870.007,932.898,75.66151055609622,-22.45603212955013,90.0,nan,
Hossein2,5,190,723.368,1021.67,728.604,1058.61,471.824,1021.8,393.397,1194.61,487.63,1273.35,985.302,1105.77,0,0,0,0,0,0,0,0,0,0,0,0,0,0,0,0,650.097,943.138,791.5,943.473,560.926,932.835,890.898,922.431,81.81367633641133,-33.329508769203834,81.00937827954806,0.6618691744545481,
Hossein2,5,191,733.738,1021.9,749.526,1032.51,492.867,1016.61,403.81,1236.51,0,0,1021.74,1105.75,0,0,0,0,0,0,0,0,0,0,0,0,0,0,0,0,660.579,943.478,807.005,943.471,571.418,932.857,906.794,901.545,87.63280348796867,-12.489975450928522,140.43275290589696,3.171440779206097,
Hossein2,5,192,733.907,1021.73,765.212,1068.95,487.712,1037.61,398.526,1231.52,0,0,1032.36,1121.47,0,0,0,0,0,0,0,0,0,0,0,0,0,0,0,0,665.697,938.277,812.435,938.12,566.006,927.492,911.972,901.554,80.34292469218566,-29.01857316847336,140.02753056288876,2.658394287499011,
Hossein2,5,193,738.957,1016.61,759.867,1131.88,482.344,1158.14,388.092,1247.14,398.763,1074.41,1016.6,1142.28,0,0,0,0,0,0,0,0,0,0,0,0,0,0,0,0,665.68,938.016,812.45,932.737,540.031,932.688,901.656,896.282,67.44430012191427,6.987077234476554,105.61951052258436,11.80001167672731,
Hossein2,5,194,739.032,1021.78,770.509,1074.33,482.379,1027.11,372.407,1247.11,0,0,1027.04,1131.93,0,0,0,0,0,0,0,0,0,0,0,0,0,0,0,0,665.792,927.631,817.83,932.799,566.034,901.316,937.81,880.46,79.66383317835498,-33.573982758162884,140.52731470090745,2.7458806654885866,
Hossein2,5,195,734.008,1016.62,765.052,1074.28,477.211,1016.7,351.469,1257.65,0,0,1016.56,1163.25,0,0,0,0,0,0,0,0,0,0,0,0,0,0,0,0,676.076,932.774,817.695,932.883,524.484,880.474,932.89,895.931,78.67249829831249,-35.93157656966268,141.05134947999883,2.201442807598987,
Hossein2,5,196,734.067,1021.83,0,0,477.044,1032.34,0,0,0,0,1027.13,1158.06,0,0,0,0,0,0,0,0,0,0,0,0,0,0,0,0,665.672,922.444,822.883,932.786,539.966,864.899,943.145,896.131,25.025641272995284,0.22399697907038885,90.0,nan,
Hossein2,5,197,733.994,1016.65,0,0,471.792,1027.19,0,0,0,0,1026.97,1116.14,0,0,0,0,0,0,0,0,0,0,0,0,0,0,0,0,665.687,911.912,828.21,927.542,545.237,859.542,948.633,890.897,24.89437924297767,0.22489301487563063,90.0,nan,
Hossein2,5,198,744.264,1011.32,0,0,435.244,1131.9,0,0,0,0,0,0,0,0,0,0,0,0,0,0,0,0,0,0,0,0,0,0,670.908,901.682,843.857,911.833,545.201,875.288,979.875,906.697,23.285699455034294,2.2526931454619774,,,
Hossein2,5,199,754.64,1011.41,759.909,1063.77,456.229,1042.85,356.635,1200.02,309.63,1341.39,1053.35,1110.94,0,0,0,0,0,0,0,0,0,0,0,0,0,0,0,0,665.798,901.627,843.78,911.874,560.729,869.972,948.661,901.234,80.21734024435459,-21.64533707752568,79.23733373456497,1.5779620788920439,
Hossein2,5,200,754.827,1016.5,759.931,1063.73,445.683,1042.85,0,0,0,0,0,0,0,0,0,0,0,0,0,0,0,0,0,0,0,0,0,0,671.028,901.535,849.031,906.734,560.749,864.709,985.237,896.249,81.45268751666997,-11.229626504167017,,,
Hossein2,5,201,754.79,1011.46,0,0,456.148,1016.6,0,0,0,0,0,0,0,0,0,0,0,0,0,0,0,0,0,0,0,0,0,0,670.981,901.346,854.163,901.527,545.161,864.801,974.661,890.802,24.274411598564704,0.10865749222082466,,,
Hossein2,5,202,765.136,1000.95,0,0,461.404,990.516,0,0,0,0,0,0,0,0,0,0,0,0,0,0,0,0,0,0,0,0,0,0,665.723,896.212,859.333,896.366,534.849,854.352,980.019,864.829,24.748098870235406,0.2290337893288144,,,
Hossein2,5,203,770.338,995.735,0,0,0,0,0,0,0,0,0,0,0,0,0,0,0,0,0,0,0,0,0,0,0,0,0,0,681.269,895.88,859.55,896.104,529.588,854.167,985.081,859.57,,,,,
Hossein2,5,204,775.652,995.733,0,0,0,0,0,0,0,0,0,0,0,0,0,0,0,0,0,0,0,0,0,0,0,0,0,0,686.578,890.733,869.963,885.688,560.989,849.071,990.662,854.095,,,,,
Hossein2,5,205,801.843,985.319,0,0,0,0,0,0,0,0,0,0,0,0,0,0,0,0,0,0,0,0,0,0,0,0,0,0,691.821,864.783,890.947,864.747,534.789,833.353,1006.11,833.323,,,,,
Hossein2,5,206,812.294,979.922,0,0,0,0,0,0,0,0,0,0,0,0,0,0,0,0,0,0,0,0,0,0,0,0,0,0,702.318,854.264,906.636,854.319,555.742,843.727,1026.98,823.01,,,,,
Hossein2,5,207,822.992,948.673,0,0,0,0,0,0,0,0,0,0,0,0,0,0,0,0,0,0,0,0,0,0,0,0,0,0,718.116,828.118,922.405,828.173,623.709,838.527,1074.38,822.859,,,,,
Hossein2,5,208,854.355,943.163,0,0,0,0,0,0,0,0,0,0,0,0,0,0,0,0,0,0,0,0,0,0,0,0,0,0,739.146,828.069,943.105,817.624,0,0,0,0,,,,,
Hossein2,5,209,859.544,937.84,0,0,0,0,0,0,0,0,0,0,0,0,0,0,0,0,0,0,0,0,0,0,0,0,0,0,744.384,812.387,948.485,807.169,602.856,791.493,0,0,,,,,
Hossein2,5,210,864.837,917.169,0,0,0,0,0,0,0,0,0,0,0,0,0,0,0,0,0,0,0,0,0,0,0,0,0,0,744.229,801.939,948.717,786.099,0,0,0,0,,,,,
Hossein2,5,211,859.553,927.592,0,0,0,0,0,0,0,0,0,0,0,0,0,0,0,0,0,0,0,0,0,0,0,0,0,0,744.317,807.044,948.65,780.899,602.939,822.942,0,0,,,,,
Hossein2,5,212,859.546,938.261,0,0,0,0,0,0,0,0,0,0,0,0,0,0,0,0,0,0,0,0,0,0,0,0,0,0,739.107,807.174,953.895,786.119,0,0,0,0,,,,,
Hossein2,5,213,854.395,943.472,0,0,0,0,0,0,0,0,0,0,0,0,0,0,0,0,0,0,0,0,0,0,0,0,0,0,733.687,812.521,959.078,801.937,0,0,0,0,,,,,
Hossein2,5,214,859.463,974.679,0,0,0,0,0,0,0,0,0,0,0,0,0,0,0,0,0,0,0,0,0,0,0,0,0,0,728.577,817.587,953.924,812.114,592.302,859.55,0,0,,,,,
Hossein2,5,215,854.419,969.488,0,0,529.494,1247.08,0,0,0,0,0,0,0,0,0,0,0,0,0,0,0,0,0,0,0,0,0,0,728.651,828.036,953.734,817.439,602.732,870.027,0,0,28.641530525248704,5.636082688709734,,,
Hossein2,5,216,885.63,985.178,0,0,0,0,0,0,0,0,0,0,0,0,0,0,0,0,0,0,0,0,0,0,0,0,0,0,723.301,833.303,969.444,812.557,571.505,890.892,0,0,,,,,
Hossein2,5,217,880.483,995.619,0,0,0,0,0,0,0,0,0,0,0,0,0,0,0,0,0,0,0,0,0,0,0,0,0,0,718.102,854.047,979.784,817.52,555.654,901.486,0,0,,,,,
Hossein2,5,218,890.837,1006.2,0,0,0,0,0,0,0,0,0,0,0,0,0,0,0,0,0,0,0,0,0,0,0,0,0,0,723.251,864.653,979.804,828.067,524.203,927.571,0,0,,,,,
Hossein2,5,219,875.195,1032.33,0,0,0,0,0,0,0,0,0,0,0,0,0,0,0,0,0,0,0,0,0,0,0,0,0,0,718.075,864.895,979.885,843.775,518.996,896.105,0,0,,,,,
Hossein2,5,93,576.674,1032.46,581.924,1069.18,487.544,1084.84,566.105,1200.15,0,0,686.442,1058.5,697.118,1147.61,686.444,1194.91,0,0,0,0,0,0,0,0,0,0,0,0,560.954,1021.88,602.652,1016.62,524.251,1021.98,628.945,1006.24,68.74070625753579,-32.53261549973335,150.23201908672053,30.34584487322261,
Hossein2,5,94,581.938,1037.72,576.775,1058.48,482.313,1068.99,508.611,1178.95,529.592,1189.48,686.578,1042.85,702.328,1142.38,691.875,1247.06,561.117,1205.23,566.183,1304.74,0,0,655.27,1184.34,691.802,1262.83,733.924,1357.27,561.024,1022.08,602.829,1021.75,524.249,1021.83,639.378,995.772,77.60510182668601,-34.17902613204348,86.1625739369573,-87.70660826648752,
Hossein2,5,95,0,0,571.356,1037.58,477.274,1063.61,440.556,1111.06,0,0,671.015,1027.03,723.204,1142.28,712.882,1289.05,555.567,1220.84,0,0,0,0,660.426,1194.69,697.212,1310.02,0,0,0,0,0,0,519.017,1021.87,628.98,1001.02,5.181095116602924,49.485443884050895,148.8704889214929,34.03852019567971,
Hossein2,5,95,571.351,1037.65,0,0,477.274,1063.61,0,0,0,0,671.015,1027.03,0,0,0,0,0,0,0,0,0,0,0,0,0,0,0,0,555.697,1026.96,597.437,1021.75,519.017,1021.87,628.98,1001.02,24.700379386060906,0.533162018876783,90.0,nan,
Hossein2,5,96,566.199,1048.05,571.468,1048.16,482.231,1063.86,440.582,1121.44,0,0,671.005,1032.31,728.724,1152.88,728.356,1315.22,560.778,1236.71,576.667,1393.8,0,0,660.572,1226.05,697.118,1336.18,0,0,545.283,1027.14,581.995,1021.94,513.893,1022.02,613.505,995.644,89.92937310135646,20.58380089867212,149.10613178557185,34.09408459418852,
Hossein2,5,97,0,0,566.452,1048.14,471.772,1063.92,430.066,1116.3,0,0,676.244,1027.3,734.072,1189.48,728.782,1356.99,555.777,1267.95,576.617,1472.34,0,0,676.171,1236.78,691.764,1461.84,0,0,0,0,0,0,513.731,1027,618.702,1000.85,5.1616017718234675,64.11361887847123,148.79291468888366,34.42893613635696,
Hossein2,5,97,571.347,1058.45,0,0,471.772,1063.92,0,0,0,0,676.244,1027.3,0,0,0,0,0,0,0,0,0,0,0,0,0,0,0,0,550.531,1032.38,592.442,1027,513.731,1027,618.702,1000.85,24.02347385592077,0.10963123367009169,90.0,nan,
Hossein2,5,98,576.581,1058.36,566.174,1048.02,456.24,1068.83,513.779,1226.04,0,0,670.985,1027.08,744.357,1194.74,733.775,1388.53,566.069,1273.21,597.568,1477.54,0,0,686.549,1236.63,697.227,1435.71,0,0,555.758,1032.27,597.572,1022.06,518.738,1021.66,618.502,990.586,-84.626771054757,14.510193746106324,151.3090720490468,32.77705217696419,
Hossein2,5,99,571.489,1068.96,566.194,1042.81,445.843,1063.99,534.842,1226.07,613.428,1283.83,676.229,1021.89,765.319,1226.11,733.868,1404.46,571.507,1210.43,618.483,1440.92,0,0,691.799,1189.45,728.64,1388.57,0,0,550.416,1058.39,597.457,1037.64,508.501,1027.06,628.955,1000.92,-77.74125465420849,1.1275147637562988,47.39430562181683,66.17829917726962,
